{
  "loss": [
    2.961888074874878,
    1.7334330081939697,
    1.2554734945297241,
    0.9915240406990051,
    0.8299164175987244,
    0.7229486703872681,
    0.6455664038658142,
    0.5854851603507996,
    0.5365740656852722,
    0.49639612436294556,
    0.4611765146255493,
    0.43215319514274597,
    0.4066067934036255,
    0.3829891085624695,
    0.3638390302658081,
    0.34713053703308105,
    0.3317873477935791,
    0.3179319202899933,
    0.3037373423576355,
    0.29207292199134827,
    0.2833183705806732,
    0.27272215485572815,
    0.26392945647239685,
    0.25549906492233276,
    0.24788427352905273,
    0.24094246327877045,
    0.2339240312576294,
    0.22908753156661987,
    0.22282876074314117,
    0.21832822263240814,
    0.21321257948875427,
    0.20888108015060425,
    0.2053835541009903,
    0.2003086507320404,
    0.1978231817483902,
    0.19313576817512512,
    0.18908558785915375,
    0.18657086789608002,
    0.1835680454969406,
    0.18110570311546326,
    0.17836284637451172,
    0.17522016167640686,
    0.1735360324382782,
    0.17125533521175385,
    0.16977451741695404,
    0.16757144033908844,
    0.16458278894424438,
    0.16310647130012512,
    0.16199781000614166,
    0.15916286408901215,
    0.15778294205665588,
    0.1563805788755417,
    0.15573008358478546,
    0.15385985374450684,
    0.15209005773067474,
    0.1503319889307022,
    0.14955241978168488,
    0.14848564565181732,
    0.14618425071239471,
    0.1458824723958969,
    0.1452491134405136,
    0.14325997233390808,
    0.14326538145542145,
    0.14150945842266083,
    0.14116550981998444,
    0.1398308128118515,
    0.13892066478729248,
    0.139173686504364,
    0.13728061318397522,
    0.13690315186977386,
    0.13640087842941284,
    0.1357717663049698,
    0.13466495275497437,
    0.1337379813194275,
    0.1336880475282669,
    0.13313986361026764,
    0.13212457299232483,
    0.1313714236021042,
    0.13119818270206451,
    0.13037700951099396,
    0.1304299682378769,
    0.1304900348186493,
    0.12858456373214722,
    0.12846432626247406,
    0.12766000628471375,
    0.1281479448080063,
    0.1271171271800995,
    0.12645597755908966,
    0.12607994675636292,
    0.12595055997371674,
    0.12500867247581482,
    0.12527711689472198,
    0.12444773316383362,
    0.12418826669454575,
    0.12419550120830536,
    0.12406215816736221,
    0.12262528389692307,
    0.12312488257884979,
    0.12305847555398941,
    0.12293290346860886
  ],
  "accuracy": [
    0.8610382080078125,
    0.9103702902793884,
    0.9221196174621582,
    0.9278644323348999,
    0.9319992065429688,
    0.935208261013031,
    0.9365145564079285,
    0.9383770227432251,
    0.9394967555999756,
    0.9407737255096436,
    0.9418238997459412,
    0.9423874020576477,
    0.9429399371147156,
    0.9436900615692139,
    0.9442499279975891,
    0.9450768828392029,
    0.9452817440032959,
    0.9453915357589722,
    0.9466283321380615,
    0.9471442699432373,
    0.9465404748916626,
    0.9478541016578674,
    0.9479053616523743,
    0.9479931592941284,
    0.9485164284706116,
    0.9483773708343506,
    0.9490323662757874,
    0.9488310813903809,
    0.9495629072189331,
    0.949215292930603,
    0.9498959183692932,
    0.9499873518943787,
    0.9494641423225403,
    0.9500788450241089,
    0.9502032399177551,
    0.9505874514579773,
    0.9509606957435608,
    0.9507448077201843,
    0.9514290690422058,
    0.9508070349693298,
    0.9514802694320679,
    0.9513412714004517,
    0.951209545135498,
    0.9515900611877441,
    0.9513888359069824,
    0.9519742727279663,
    0.9519925713539124,
    0.9519157409667969,
    0.9522852897644043,
    0.9524462819099426,
    0.9524426460266113,
    0.9517437219619751,
    0.9521828293800354,
    0.9524279832839966,
    0.9528378248214722,
    0.9528304934501648,
    0.9522120952606201,
    0.9532805681228638,
    0.953093945980072,
    0.9529402852058411,
    0.9527207016944885,
    0.9535147547721863,
    0.9531158804893494,
    0.9528524279594421,
    0.9533390998840332,
    0.9535915851593018,
    0.9527353644371033,
    0.9532220363616943,
    0.9534305930137634,
    0.9538001418113708,
    0.9532586336135864,
    0.9538184404373169,
    0.9539172649383545,
    0.953525722026825,
    0.9538477063179016,
    0.9531232118606567,
    0.9531744718551636,
    0.953855037689209,
    0.9531671404838562,
    0.9538148045539856,
    0.9537928700447083,
    0.9533939957618713,
    0.9537379741668701,
    0.9539977312088013,
    0.9534891247749329,
    0.9542539119720459,
    0.9540087580680847,
    0.9541001915931702,
    0.9545612335205078,
    0.9541111588478088,
    0.9539794325828552,
    0.9537233114242554,
    0.9542026519775391,
    0.9548466801643372,
    0.954012393951416,
    0.9535952806472778,
    0.9547368884086609,
    0.9545795321464539,
    0.9540563225746155,
    0.9540526270866394
  ],
  "val_loss": [
    2.133589267730713,
    1.4283615350723267,
    1.1361730098724365,
    0.9031015634536743,
    0.7673547267913818,
    0.6773027181625366,
    0.6691820621490479,
    0.5812197923660278,
    0.5626599192619324,
    0.5444907546043396,
    0.47467169165611267,
    0.4475931227207184,
    0.4494391679763794,
    0.40125274658203125,
    0.3802683353424072,
    0.3819761872291565,
    0.3782004415988922,
    0.31643739342689514,
    0.31473007798194885,
    0.3043724596500397,
    0.32278552651405334,
    0.31175732612609863,
    0.28514227271080017,
    0.2781889736652374,
    0.2779284119606018,
    0.2609972357749939,
    0.27860650420188904,
    0.2626815736293793,
    0.24147704243659973,
    0.24227121472358704,
    0.2588391900062561,
    0.25077712535858154,
    0.22391769289970398,
    0.23197448253631592,
    0.21511965990066528,
    0.20047838985919952,
    0.22904379665851593,
    0.22591476142406464,
    0.2229408323764801,
    0.21952787041664124,
    0.238577201962471,
    0.2118620127439499,
    0.20364631712436676,
    0.21555370092391968,
    0.21787437796592712,
    0.20503391325473785,
    0.20197467505931854,
    0.18508581817150116,
    0.20499809086322784,
    0.18250195682048798,
    0.19640880823135376,
    0.17411181330680847,
    0.18256595730781555,
    0.19341368973255157,
    0.19326022267341614,
    0.19896343350410461,
    0.1587727963924408,
    0.1726764440536499,
    0.16321603953838348,
    0.16042760014533997,
    0.18507403135299683,
    0.15775544941425323,
    0.18001648783683777,
    0.15960483253002167,
    0.18733501434326172,
    0.1898076832294464,
    0.15573158860206604,
    0.1699344515800476,
    0.1881103515625,
    0.17309042811393738,
    0.16396711766719818,
    0.15687713027000427,
    0.19492307305335999,
    0.19691669940948486,
    0.19979797303676605,
    0.1780465990304947,
    0.19997826218605042,
    0.18614082038402557,
    0.20957288146018982,
    0.16805525124073029,
    0.177481010556221,
    0.17523294687271118,
    0.15561427175998688,
    0.19501155614852905,
    0.17417028546333313,
    0.18470504879951477,
    0.1496306210756302,
    0.16287016868591309,
    0.18247757852077484,
    0.16115248203277588,
    0.15472561120986938,
    0.1500682383775711,
    0.15374483168125153,
    0.1648758500814438,
    0.1607287973165512,
    0.17155340313911438,
    0.15814600884914398,
    0.15992218255996704,
    0.16539297997951508,
    0.177375927567482
  ],