{
  "loss": [
    2.9885075092315674,
    1.7508162260055542,
    1.263353705406189,
    1.0024160146713257,
    0.8473058938980103,
    0.7453901767730713,
    0.671684205532074,
    0.6131616234779358,
    0.5626881718635559,
    0.5238401889801025,
    0.4895988404750824,
    0.45852744579315186,
    0.4316592514514923,
    0.40870556235313416,
    0.38753145933151245,
    0.3695107698440552,
    0.35235396027565,
    0.3363020420074463,
    0.323342502117157,
    0.310588002204895,
    0.29952794313430786,
    0.29048702120780945,
    0.28119245171546936,
    0.27274104952812195,
    0.26531052589416504,
    0.25703585147857666,
    0.2511056661605835,
    0.24416393041610718,
    0.23852753639221191,
    0.23272764682769775,
    0.22694671154022217,
    0.22202473878860474,
    0.21727988123893738,
    0.21423369646072388,
    0.21025525033473969,
    0.20626306533813477,
    0.2034943699836731,
    0.19939564168453217,
    0.19560633599758148,
    0.1925247311592102,
    0.1908646821975708,
    0.18704098463058472,
    0.18466851115226746,
    0.18199996650218964,
    0.18004247546195984,
    0.17742981016635895,
    0.17554856836795807,
    0.17255812883377075,
    0.1714961975812912,
    0.16848993301391602,
    0.16828684508800507,
    0.1655372977256775,
    0.16382291913032532,
    0.1625126749277115,
    0.16204164922237396,
    0.1601695865392685,
    0.1580214649438858,
    0.1564328670501709,
    0.1565529853105545,
    0.15465417504310608,
    0.15360398590564728,
    0.15190380811691284,
    0.15133269131183624,
    0.15026278793811798,
    0.1497448980808258,
    0.14808514714241028,
    0.14748358726501465,
    0.14741545915603638,
    0.1459895521402359,
    0.14544256031513214,
    0.1438605785369873,
    0.1435895413160324,
    0.14223778247833252,
    0.14145265519618988,
    0.14140504598617554,
    0.1401391327381134,
    0.1399601250886917,
    0.13913658261299133,
    0.13830645382404327,
    0.1378796547651291,
    0.13743183016777039,
    0.13645990192890167,
    0.1364501267671585,
    0.13605761528015137,
    0.13568708300590515,
    0.13448281586170197,
    0.13393253087997437,
    0.1346060037612915,
    0.1332933008670807,
    0.13294290006160736,
    0.1327429562807083,
    0.1323603093624115,
    0.13125835359096527,
    0.13147835433483124,
    0.13131356239318848,
    0.13020029664039612,
    0.13054901361465454,
    0.12985651195049286,
    0.12951743602752686,
    0.12904612720012665
  ],
  "accuracy": [
    0.8372191786766052,
    0.8907970190048218,
    0.9136103391647339,
    0.9244365096092224,
    0.9293552041053772,
    0.9329041242599487,
    0.9353066682815552,
    0.9376286268234253,
    0.9397455453872681,
    0.9399982690811157,
    0.9405109882354736,
    0.9433603882789612,
    0.9435508251190186,
    0.9441038370132446,
    0.9454955458641052,
    0.9455175399780273,
    0.9464221596717834,
    0.9472901821136475,
    0.9471766352653503,
    0.947685718536377,
    0.9486598968505859,
    0.9484401941299438,
    0.9488540291786194,
    0.9490188360214233,
    0.9483229517936707,
    0.9491360187530518,
    0.949564516544342,
    0.9503958821296692,
    0.9501175880432129,
    0.9507474899291992,
    0.9506962299346924,
    0.9511613845825195,
    0.951370120048523,
    0.9506596326828003,
    0.9513481259346008,
    0.9507218599319458,
    0.9513810873031616,
    0.9510478377342224,
    0.9517620205879211,
    0.9521538615226746,
    0.9513335227966309,
    0.9520037174224854,
    0.9515385627746582,
    0.9518828392028809,
    0.952439546585083,
    0.9521905183792114,
    0.9526299834251404,
    0.9527764916419983,
    0.952256441116333,
    0.952091634273529,
    0.9529852271080017,
    0.9529266357421875,
    0.9527435302734375,
    0.9536811113357544,
    0.9528570771217346,
    0.9533551335334778,
    0.9539850950241089,
    0.9538971781730652,
    0.9539448022842407,
    0.9540180563926697,
    0.9538569450378418,
    0.9533112049102783,
    0.9542231559753418,
    0.9537763595581055,
    0.9539741277694702,
    0.9544062614440918,
    0.9545857310295105,
    0.9537836909294128,
    0.9545783996582031,
    0.9539228677749634,
    0.9549190402030945,
    0.9544758796691895,
    0.9552486538887024,
    0.954816460609436,
    0.9553695321083069,
    0.9554134607315063,
    0.9548604488372803,
    0.955424427986145,
    0.955680787563324,
    0.955940842628479,
    0.9551900625228882,
    0.9556295275688171,
    0.9557540416717529,
    0.9558126330375671,
    0.9559555053710938,
    0.9566696882247925,
    0.9555709362030029,
    0.9555123448371887,
    0.9560067653656006,
    0.9561020135879517,
    0.9561423063278198,
    0.9562411904335022,
    0.9561569094657898,
    0.9560873508453369,
    0.9561679363250732,
    0.9567722082138062,
    0.956274151802063,
    0.9567062854766846,
    0.9558419585227966,
    0.9566659927368164
  ],
  "val_loss": [
    2.106736898422241,
    1.47323739528656,
    1.1285943984985352,
    0.9325888156890869,
    0.8154608011245728,
    0.7496446371078491,
    0.6379832625389099,
    0.5948580503463745,
    0.6116633415222168,
    0.6107794642448425,
    0.49765512347221375,
    0.4487548768520355,
    0.43971729278564453,
    0.41426482796669006,
    0.39781638979911804,
    0.35050490498542786,
    0.370964378118515,
    0.3485899567604065,
    0.337793231010437,
    0.32708418369293213,
    0.3118058145046234,
    0.31934842467308044,
    0.2821854054927826,
    0.31087788939476013,
    0.2776643931865692,
    0.29452231526374817,
    0.2535106837749481,
    0.255530446767807,
    0.27648866176605225,
    0.25412437319755554,
    0.251894474029541,
    0.23473861813545227,
    0.24861034750938416,
    0.21982359886169434,
    0.23182831704616547,
    0.22615791857242584,
    0.2571432888507843,
    0.21504832804203033,
    0.20761024951934814,
    0.24747076630592346,
    0.21827664971351624,
    0.21599385142326355,
    0.22583477199077606,
    0.19671490788459778,
    0.2309923619031906,
    0.2055748701095581,
    0.20323242247104645,
    0.20287860929965973,
    0.17979800701141357,
    0.18077856302261353,
    0.18797284364700317,
    0.20708562433719635,
    0.20981565117835999,
    0.17657248675823212,
    0.204613596200943,
    0.1918054074048996,
    0.22066619992256165,
    0.1851353943347931,
    0.18292491137981415,
    0.18186798691749573,
    0.18925613164901733,
    0.1902533322572708,
    0.19106081128120422,
    0.1639845371246338,
    0.1633768230676651,
    0.1948758214712143,
    0.1683455854654312,
    0.19370503723621368,
    0.1827366203069687,
    0.1703498363494873,
    0.16747818887233734,
    0.18704131245613098,
    0.17146991193294525,
    0.18412163853645325,
    0.17379000782966614,
    0.22637556493282318,
    0.18123632669448853,
    0.16199855506420135,
    0.1596156805753708,
    0.17717193067073822,
    0.18561552464962006,
    0.15462978184223175,
    0.1794288605451584,
    0.17218565940856934,
    0.17354345321655273,
    0.18608713150024414,
    0.15176516771316528,
    0.15298619866371155,
    0.1695873737335205,
    0.15690484642982483,
    0.16875815391540527,
    0.1628016233444214,
    0.14523740112781525,
    0.14919614791870117,
    0.15551358461380005,
    0.16095010936260223,
    0.17554517090320587,
    0.1774941235780716,
    0.17047549784183502,
    0.15627151727676392
  ],