{
  "loss": [
    0.5453757047653198,
    0.3164742588996887,
    0.17667418718338013,
    0.09603776782751083,
    0.05140036344528198,
    0.027275145053863525,
    0.014406643807888031,
    0.007590878754854202,
    0.003994452767074108,
    0.0021005140151828527,
    0.0011041752295568585,
    0.0005803228123113513,
    0.00030497307307086885,
    0.0001602621196070686,
    8.421695383731276e-05,
    4.425716906553134e-05,
    2.3259317458723672e-05,
    1.2225589671288617e-05,
    6.427642347262008e-06,
    3.381211854502908e-06,
    1.780493562364427e-06,
    9.393652931066754e-07,
    4.975203182766563e-07,
    2.652335240327375e-07,
    1.4329802411339188e-07,
    7.941638102693105e-08,
    4.519280594195152e-08,
    2.8220700443171154e-08,
    2.688521938409849e-08,
    2.6882815973294782e-08,
    2.6882815973294782e-08,
    2.6882815973294782e-08,
    2.6882815973294782e-08,
    2.6882815973294782e-08,
    2.6882815973294782e-08,
    2.6882815973294782e-08,
    2.6882815973294782e-08,
    2.6882815973294782e-08,
    2.6882815973294782e-08,
    2.6882815973294782e-08,
    2.6882815973294782e-08,
    2.6882815973294782e-08,
    2.6882815973294782e-08,
    2.6882815973294782e-08,
    2.6882815973294782e-08,
    2.6882815973294782e-08,
    2.6882815973294782e-08,
    2.6882815973294782e-08,
    2.6882815973294782e-08,
    2.6882815973294782e-08,
    2.6882815973294782e-08,
    2.6882815973294782e-08,
    2.6882815973294782e-08,
    2.6882815973294782e-08,
    2.6882815973294782e-08,
    2.6882815973294782e-08,
    2.6882815973294782e-08,
    2.6882815973294782e-08,
    2.6882815973294782e-08,
    2.6882815973294782e-08,
    2.6882815973294782e-08,
    2.6882815973294782e-08,
    2.6882815973294782e-08,
    2.6882815973294782e-08,
    2.6882815973294782e-08,
    2.6882815973294782e-08,
    2.6882815973294782e-08,
    2.6882815973294782e-08,
    2.6882815973294782e-08,
    2.6882815973294782e-08,
    2.6882815973294782e-08,
    2.6882815973294782e-08,
    2.6882815973294782e-08,
    2.6882815973294782e-08,
    2.6882815973294782e-08,
    2.6882815973294782e-08,
    2.6882815973294782e-08,
    2.6882815973294782e-08,
    2.6882815973294782e-08
  ],
  "val_loss": [
    0.41028618812561035,
    0.23262366652488708,
    0.12766148149967194,
    0.06869254261255264,
    0.03655720129609108,
    0.019339416176080704,
    0.010198351927101612,
    0.005368884187191725,
    0.002823916729539633,
    0.0014846187550574541,
    0.0007803217158652842,
    0.0004100885707885027,
    0.0002155041875084862,
    0.00011324515799060464,
    5.9510577557375655e-05,
    3.127474701614119e-05,
    1.643750692892354e-05,
    8.640926353109535e-06,
    4.544121111393906e-06,
    2.3914813027658965e-06,
    1.260428803107061e-06,
    6.662230020992865e-07,
    3.538916075740417e-07,
    1.8978256832724583e-07,
    1.0371627467975486e-07,
    5.9196828772201115e-08,
    3.297691009152004e-08,
    2.6899213523279286e-08,
    2.688279643336955e-08,
    2.688279643336955e-08,
    2.688279643336955e-08,
    2.688279643336955e-08,
    2.688279643336955e-08,
    2.688279643336955e-08,
    2.688279643336955e-08,
    2.688279643336955e-08,
    2.688279643336955e-08,
    2.688279643336955e-08,
    2.688279643336955e-08,
    2.688279643336955e-08,
    2.688279643336955e-08,
    2.688279643336955e-08,
    2.688279643336955e-08,
    2.688279643336955e-08,
    2.688279643336955e-08,
    2.688279643336955e-08,
    2.688279643336955e-08,
    2.688279643336955e-08,
    2.688279643336955e-08,
    2.688279643336955e-08,
    2.688279643336955e-08,
    2.688279643336955e-08,
    2.688279643336955e-08,
    2.688279643336955e-08,
    2.688279643336955e-08,
    2.688279643336955e-08,
    2.688279643336955e-08,
    2.688279643336955e-08,
    2.688279643336955e-08,
    2.688279643336955e-08,
    2.688279643336955e-08,
    2.688279643336955e-08,
    2.688279643336955e-08,
    2.688279643336955e-08,
    2.688279643336955e-08,
    2.688279643336955e-08,
    2.688279643336955e-08,
    2.688279643336955e-08,
    2.688279643336955e-08,
    2.688279643336955e-08,
    2.688279643336955e-08,
    2.688279643336955e-08,
    2.688279643336955e-08,
    2.688279643336955e-08,
    2.688279643336955e-08,
    2.688279643336955e-08,
    2.688279643336955e-08,
    2.688279643336955e-08,
    2.688279643336955e-08
  ],
  "accuracy": [
    0.2520018517971039,
    1.0,
    1.0,
    1.0,
    1.0,
    1.0,
    1.0,
    1.0,
    1.0,
    1.0,
    1.0,
    1.0,
    1.0,
    1.0,
    1.0,
    1.0,
    1.0,
    1.0,
    1.0,
    1.0,
    1.0,
    1.0,
    1.0,
    1.0,
    1.0,
    1.0,
    1.0,
    1.0,
    1.0,
    1.0,
    1.0,
    1.0,
    1.0,
    1.0,
    1.0,
    1.0,
    1.0,
    1.0,
    1.0,
    1.0,
    1.0,
    1.0,
    1.0,
    1.0,
    1.0,
    1.0,
    1.0,
    1.0,
    1.0,
    1.0,
    1.0,
    1.0,
    1.0,
    1.0,
    1.0,
    1.0,
    1.0,
    1.0,
    1.0,
    1.0,
    1.0,
    1.0,
    1.0,
    1.0,
    1.0,
    1.0,
    1.0,
    1.0,
    1.0,
    1.0,
    1.0,
    1.0,
    1.0,
    1.0,
    1.0,
    1.0,
    1.0,
    1.0,
    1.0
  ],
  "val_accuracy": [
    1.0,
    1.0,
    1.0,
    1.0,
    1.0,
    1.0,
    1.0,
    1.0,
    1.0,
    1.0,
    1.0,
    1.0,
    1.0,
    1.0,
    1.0,
    1.0,
    1.0,
    1.0,
    1.0,
    1.0,
    1.0,
    1.0,
    1.0,
    1.0,
    1.0,
    1.0,
    1.0,
    1.0,
    1.0,
    1.0,
    1.0,
    1.0,
    1.0,
    1.0,
    1.0,
    1.0,
    1.0,
    1.0,
    1.0,
    1.0,
    1.0,
    1.0,
    1.0,
    1.0,
    1.0,
    1.0,
    1.0,
    1.0,
    1.0,
    1.0,
    1.0,
    1.0,
    1.0,
    1.0,
    1.0,
    1.0,
    1.0,
    1.0,
    1.0,
    1.0,
    1.0,
    1.0,
    1.0,
    1.0,
    1.0,
    1.0,
    1.0,
    1.0,
    1.0,
    1.0,
    1.0,
    1.0,
    1.0,
    1.0,
    1.0,
    1.0,
    1.0,
    1.0,
    1.0
  ]
}